funding_org,projectnr,titel,name,engagement,pathway,scope
EM,2018-90013,"HYBRIT Pilot Fossilfri järn-, stål- och vätgasproduktion",Vattenfall,3600450,Electricity and hydrogen,Others
EM,2018-90013,"HYBRIT Pilot Fossilfri järn-, stål- och vätgasproduktion",SSAB,25941886,Electricity and hydrogen,Scope 1
EM,2018-90013,"HYBRIT Pilot Fossilfri järn-, stål- och vätgasproduktion",LKAB,46835882,Electricity and hydrogen,Scope 1
EM,2018-90027,"Testbädd för integrerat, effektivt och koldioxidfritt gruvbrytningssystem",LKAB,83972000,Electricity and hydrogen,Scope 1
EM,2018-90113,Förnybara energibärare vid produktion av bränd kalk,Nordkalk,1500000,Biofuels and biomass,Scope 1
EM,2019-90008,CemZero - Värmeöverföring med plasma i roterugnar,Heidelberg Materials,192000,CCS,Scope 1
EM,2019-90045,Minskad CO2-emission genom designad tillverkning av biokol för masugnens restproduktbrikett - MICO,SSAB,0,Biofuels and biomass,Scope 1
EM,2019-90070,Transformativ omställning mot nettonegativautsläpp inom svensk raffinaderi- och kemiindustri,Borealis,0,Recycling,Scope 1
EM,2019-90070,Transformativ omställning mot nettonegativautsläpp inom svensk raffinaderi- och kemiindustri,Preem,0,Recycling,Scope 1
EM,2019-90091,CemZero – direktavskiljning av koldioxid från kalcinering av karbonatbaserade råmaterial vid produktion av cementklinker och bränd kalk,Heidelberg Materials,0,CCS,Scope 1
EM,2019-90091,CemZero – direktavskiljning av koldioxid från kalcinering av karbonatbaserade råmaterial vid produktion av cementklinker och bränd kalk,Nordkalk,0,CCS,Others
EM,2019-90091,CemZero – direktavskiljning av koldioxid från kalcinering av karbonatbaserade råmaterial vid produktion av cementklinker och bränd kalk,SMA Mineral,0,CCS,Others
EM,2019-90132,Radiobaserad kalcineringsbestämning vid tillverkning av cement och bränd kalk,Heidelberg Materials,120000,Energy efficiency,Scope 1
EM,2019-90179,HYBRIT Pilotprojekt - Vätgaslagring i bergrum med LRC-teknik,LKAB,91826,Electricity and hydrogen,Scope 1
EM,2019-90179,HYBRIT Pilotprojekt - Vätgaslagring i bergrum med LRC-teknik,SSAB,583317,Electricity and hydrogen,Scope 1
EM,2019-90179,HYBRIT Pilotprojekt - Vätgaslagring i bergrum med LRC-teknik,Vattenfall,5188820,Electricity and hydrogen,Others
EM,2020-90042,Nya absorptionslösningsmedel för BECCS-processer,Stockholm Exergi,0,BECSS,Scope 1
EM,2020-90045,Negativa utsläpp med DAC för Sverige,St1,0,DAC,Others
EM,2020-90046,CemZero – Koldioxidfria produkter med elektrifierad tillverkning – reaktivitet hos cementklinker med sekundära tillsatsmaterial,SMA Mineral,0,CCS,Others
EM,2020-90046,CemZero – Koldioxidfria produkter med elektrifierad tillverkning – reaktivitet hos cementklinker med sekundära tillsatsmaterial,Heidelberg Materials,2681000,CCS,Scope 1
EM,2020-90066,Mot nollutsläpp i produktionsindustrin,SMA Mineral,0,Other,Others
EM,2020-90096,Kemcyklisk förbränning av biomassa och avfall – pilotdrift och förstudie,Stockholm Exergi,247500,Biofuels and biomass,Scope 1
EM,2020-90097,Chargering av biokol i ljusbågsugn som ersättning för fossilt kol,Höganäs,0,Biofuels and biomass,Scope 1
EM,2020-90097,Chargering av biokol i ljusbågsugn som ersättning för fossilt kol,Outokumpu,0,Biofuels and biomass,Scope 1
EM,2020-90098,AI assisterad koldioxidinfångning i biomassabaserade kraftvärmeverk,Stockholm Exergi,0,BECSS,Scope 1
EM,2020-90128,Pilotförsök med koldioxidneutral biokol i Höganäsprocessen,Höganäs,2792934,Biofuels and biomass,Scope 1
EM,2020-90304,Minskning av processrelaterade gasutsläpp från stålindustrin och produktion av värdefulla kemikalier via gasfermentering,SSAB,20000,Energy efficiency,Scope 1
EM,2021-00004,Energieffektiv process för simultan koldioxidavskiljning/-rening och -komprimering,SMA Mineral,0,CCS,Others
EM,2021-00008,Processanalytisk teknik för in situ-karakterisering av absorptionslösningsmedel i BECCS-applikationer,Stockholm Exergi,0,BECSS,Scope 1
EM,2021-00011,Utveckling av billiga zeoliter för kostnadseffektiv koldioxidavskiljning,Höganäs,0,CCS,Scope 1
EM,2021-00015,CemZero-Fundamentala egenskaper hos fristående plasma och plasma i kombination med kalciumbaserade bäddmaterial i roterugn.,Nordkalk,130000,CCS,Others
EM,2021-00015,CemZero-Fundamentala egenskaper hos fristående plasma och plasma i kombination med kalciumbaserade bäddmaterial i roterugn.,SMA Mineral,130000,CCS,Others
EM,2021-00015,CemZero-Fundamentala egenskaper hos fristående plasma och plasma i kombination med kalciumbaserade bäddmaterial i roterugn.,Heidelberg Materials,3643948,CCS,Scope 1
EM,2021-00301,Utvecklning av bio-briketter för ferrokromproduktion i nedsänkt bågugn (Bio4SAF),Vargön Alloys,2464215,Biofuels and biomass,Scope 1
EM,2021-00311,HYBRIT Industriellt demonstrationsprojekt för vätgasbaserad direktreduktion,LKAB,3101446000,Electricity and hydrogen,Scope 1
EM,2021-90013,CinfraCap – fas II - Infrastruktur för transport och mellanlagring av infångad koldioxid,Preem,250000,CCS,Infrastructure
EM,2021-90013,CinfraCap – fas II - Infrastruktur för transport och mellanlagring av infångad koldioxid,Renova,250000,CCS,Infrastructure
EM,2021-90013,CinfraCap – fas II - Infrastruktur för transport och mellanlagring av infångad koldioxid,St1,250000,CCS,Infrastructure
EM,2021-90082,Konvertering av förvärmning av anoder inför gjutning,Kubal,3122467,Electricity and hydrogen,Scope 1
EM,2021-90083,Energisnål koldioxidinfångning med AMP/DMSO,Sysav,0,CCS,Scope 1
EM,2021-90091,Fossilfri underjordsgruva,Boliden,66760000,Electricity and hydrogen,Scope 1
EM,2021-90194,Samlokalisering av primärproduktion och omsmältning av aluminiumprodukter,Kubal,72715341,Recycling,Scope 1
EM,2021-90202,Elektrifieringsdemo av kontinuerlig glödgningslinje,SSAB,1257696,Electricity and hydrogen,Scope 2
EM,2021-90203,Genomförbarhetsstudie för bio-CCS på Åby och Händelö kraftvärmeverk,E.ON,575000,BECSS,Scope 1
EM,2021-90215,Slaggreduktion med vätgas,Boliden,206250,Electricity and hydrogen,Scope 1
EM,2021-90252,Project AIR – CCU med vätgaselektrolys för produktion av hållbar metanol,Uniper,105241948,CCU,Others
EM,2021-90262,Förstudie CCS Slite – grunden till världens första klimatpositiva cementfabrik,Heidelberg Materials,12666747,CCS,Scope 1
EM,2022-00058,Från fossilfri järnsvamp till färdig produkt,SSAB,565000,Electricity and hydrogen,Scope 3
EM,2022-00112,GENOMFÖRBARHETSSTUDIE SLITE CCS - PÅ VÄG MOT VÄRLDENS FÖRSTA KLIMATNEUTRALA CEMENTFABRIK,Heidelberg Materials,51682850,CCS,Scope 1
EM,2022-00152,Plastreturraffinaderi i Stenungsund,Borealis,58281125,Recycling,Scope 1
EM,2022-00196,Utveckling av vätgasförstärkt värmningsteknik för roterugn – elektrifiering av svensk järnmalmsförädling,LKAB,0,Electricity and hydrogen,Scope 2
EM,2022-00205,Syrgas och vätgas i schaktugnar (O2H2),SMA Mineral,0,Electricity and hydrogen,Others
EM,2022-00209,Metodik för säkerhetsanalys av underjordiska bergrum för storskalig vätgaslagring,Vattenfall,0,Electricity and hydrogen,Others
EM,2022-00211,Ett passivt DAC-system med alkaliska biprodukter för negativa emissioner,Boliden,0,DAC,Others
EM,2022-00211,Ett passivt DAC-system med alkaliska biprodukter för negativa emissioner,Höganäs,0,DAC,Others
EM,2022-00212,Storskalig produktion av biokol som förnybar råvara i den fossilfria värdekedjan inom järn- och stålindustrin,E.ON,365000,Biofuels and biomass,Others
EM,2022-00212,Storskalig produktion av biokol som förnybar råvara i den fossilfria värdekedjan inom järn- och stålindustrin,Höganäs,120000,Biofuels and biomass,Scope 1
EM,2022-00212,Storskalig produktion av biokol som förnybar råvara i den fossilfria värdekedjan inom järn- och stålindustrin,SSAB,135000,Biofuels and biomass,Scope 1
EM,2022-00512,Carbon Network South Sweden (CNetSS),E.ON,70000,CCS,Infrastructure
EM,2022-00512,Carbon Network South Sweden (CNetSS),Sysav,143500,CCS,Infrastructure
EM,2022-00512,Carbon Network South Sweden (CNetSS),Höganäs,51500,CCS,Infrastructure
EM,2022-00876,Digitala tvillingar för en grön vätgasomställning inom stålindustrin (TWINGHY),SSAB,0,Electricity and hydrogen,Scope 3
EM,2022-01002,bioCCS vid ny kraftvärmeanläggning i Malmö Energihamn,E.ON,835000,BECSS,Scope 1
EM,2022-01023,Genomförbarhetsstudie för avfall-CCS på Sysav,Sysav,5235000,WtE-CSS,Scope 1
EM,2022-01111,SkyFuelH2: FEED-studie,Uniper,0,Electricity and hydrogen,Scope 3
EM,2022-01111,SkyFuelH2: FEED-studie,Uniper,49327821,Electricity and hydrogen,Scope 3
EM,2022-01115,Koldioxidavskiljning med Svante-tekniken,Stockholm Exergi,751000,BECSS,Scope 1
EM,2022-01123,Användning av gruvavfall för att bilda karbonatmineraler via en symbiotisk CC- och DAC-biostrategi,LKAB,0,CCS,Others
EM,2022-01123,Användning av gruvavfall för att bilda karbonatmineraler via en symbiotisk CC- och DAC-biostrategi,Boliden,0,DAC,Others
EM,2022-01138,eLIMEnate Carbon Capture pilot Köping,Nordkalk,18046443,CCS,Scope 1
EM,2023-00564,Norvik Infrastructure CCS East-Sweden (NICE),Heidelberg Materials,0,CCS,Infrastructure
EM,2023-00564,Norvik Infrastructure CCS East-Sweden (NICE),Nordkalk,0,CCS,Infrastructure
EM,2023-00564,Norvik Infrastructure CCS East-Sweden (NICE),Vattenfall,0,CCS,Infrastructure
EM,2023-00628,Genomförbarhetsstudie för CCS vid Gärstadverket,Tekniska verken i Linköping,2764000,WtE-CSS,Scope 1
EM,2023-00636,Produktionsdemonstrator för storskalig polyesteråtervinningsanläggning,Vargön Alloys,78749,Recycling,Others
EM,2023-00761,Valorisering av våta biomassarester för hållbar stålproduktion med effektiv återvinning av näringsämnen,SSAB,0,Recycling,Scope 3
EM,2023-00891,Simuleringsmodeller för nettonollutsläpp från Järnmalmspellets framställnings processen,LKAB,0,Electricity and hydrogen,Scope 1
EM,2023-00918,Utveckling av kemcyklisk förbränning för inhemska bränslen,Stockholm Exergi,177959,BECSS,Scope 1
EM,2023-00920,En mobil forskningsanläggning för avskiljning av koldioxid i rökgaser från värmekraftverk,Tekniska verken i Linköping,0,CCS,Scope 1
EM,2023-00921,Vidareutveckling HPC vid kraftvärmeverk i syfte att göra BECCS,Stockholm Exergi,1083620,BECSS,Scope 1
EM,2023-00938,Resurseffektiv användning av kalk för produktion av grönt stål i symbios med cementproduktion för minskat utsläpp av växthusgas,Heidelberg Materials,0,Energy efficiency,Scope 3
EM,2023-00938,Resurseffektiv användning av kalk för produktion av grönt stål i symbios med cementproduktion för minskat utsläpp av växthusgas,Höganäs,0,Energy efficiency,Scope 3
EM,2023-00938,Resurseffektiv användning av kalk för produktion av grönt stål i symbios med cementproduktion för minskat utsläpp av växthusgas,LKAB,0,Energy efficiency,Scope 3
EM,2023-00938,Resurseffektiv användning av kalk för produktion av grönt stål i symbios med cementproduktion för minskat utsläpp av växthusgas,Nordkalk,0,Energy efficiency,Scope 3
EM,2023-00941,Direkt reduktion av metallegeringar 2: uppskalning mot en fossilfri metallindustri,Outokumpu,0,Energy efficiency,Scope 1
EM,2023-00951,Intensifiering av bio-CCS genom additiv tillverkning för att möjliggöra energieffektiva negativa utsläpp,Stockholm Exergi,0,BECSS,Scope 1
EM,2023-01650,"Koldioxid på tåg – en teknisk systemstudie för välfungerande, hållbar och säker lastning och lossning",Vattenfall,373170,CCS,Infrastructure
EM,2024-00472,Designförberedelser FEED Slite CCS – mot noll nettoutsläpp 2030,Heidelberg Materials,238234896,CCS,Scope 1
EM,2024-01768,"Hållbara, energieffektiva och utsläppsfria CO2 absorberande lösningsmedel med immobiliserade enzymer och aminerade partikeldispersioner eller kaliumkarbonatlösningar",Stockholm Exergi,0,BECSS,Scope 3
EM,2024-01784,Användning av enzymaccelererad karbonatlösningsmedel för effektiv koldioxidavskiljning från industriella utsläpp,St1,0,CCS,Scope 1
EM,2024-02164,Carbon Network South Sweden (CNetSS) – fas 3,E.ON,192000,CCS,Infrastructure
EM,2024-02164,Carbon Network South Sweden (CNetSS) – fas 3,Sysav,273625,CCS,Infrastructure
EM,2024-02164,Carbon Network South Sweden (CNetSS) – fas 3,Uniper,25800,CCS,Infrastructure
EM,42684-2,HYBRIT (Hydrogen Breakthrough Ironmaking Technology) - forskningsprojekt,Vattenfall,735200,Electricity and hydrogen,Others
EM,42684-2,HYBRIT (Hydrogen Breakthrough Ironmaking Technology) - forskningsprojekt,SSAB,3827219,Electricity and hydrogen,Scope 1
EM,42684-2,HYBRIT (Hydrogen Breakthrough Ironmaking Technology) - forskningsprojekt,LKAB,4690763,Electricity and hydrogen,Scope 1
EM,42684-3,HYBRIT Pilotanläggning - genomförbarhetsstudie,SSAB,856046,Electricity and hydrogen,Scope 1
EM,42684-3,HYBRIT Pilotanläggning - genomförbarhetsstudie,Vattenfall,2030795,Electricity and hydrogen,Others
EM,42684-3,HYBRIT Pilotanläggning - genomförbarhetsstudie,LKAB,6541898,Electricity and hydrogen,Scope 1
EM,46752-1,HYBRIT Pilot Fossilfri pellets,LKAB,22047349,Electricity and hydrogen,Scope 1
EM,46970-1,Förnybar vätgasproduktion – genomförbarhetsstudie på väg mot ett fossilfritt raffinaderi,Vattenfall,665000,Electricity and hydrogen,Others
EM,46970-1,Förnybar vätgasproduktion – genomförbarhetsstudie på väg mot ett fossilfritt raffinaderi,Preem,2285000,Electricity and hydrogen,Scope 1
EM,47607-1,PREEM CCS – Infångning och lagring av koldioxid,Preem,3748000,CCS,Scope 1
EM,49101-1,Tester av BECCS genom HPC vid kraftvärmeverk,Stockholm Exergi,4345030,BECSS,Scope 1
EM,49101-2,Utvidgade tester av BECCS genom HPC vid kraftvärmeverk,Stockholm Exergi,3717830,BECSS,Scope 1
EM,49869-1,Rollen av BioCCS för negativa koldioxidutsläpp i Uppsala kommun,Vattenfall,387000,BECSS,Scope 1
EM,50892-1,Infrastruktur för transport och mellanlagring av infångad koldioxid – en effektiv distributionskedja,Preem,250500,CCS,Infrastructure
EM,50892-1,Infrastruktur för transport och mellanlagring av infångad koldioxid – en effektiv distributionskedja,Renova,217500,CCS,Infrastructure
EM,50892-1,Infrastruktur för transport och mellanlagring av infångad koldioxid – en effektiv distributionskedja,St1,217500,CCS,Infrastructure
EM,51413-1,"NEMO, Klimatneutral molybdentillsats till stål",Outokumpu,50400,Energy efficiency,Scope 3
EM,51956-1,Plastreturraffinaderi i Stenungsund,Borealis,18260500,Recycling,Scope 1
EM,52606-1,Sysav - övergripande förstudie avfalls-CCS,Sysav,972500,WtE-CSS,Scope 1
EM,52795-1,Förstudie – från fossilfri järnsvamp till färdig produkt,SSAB,40000,Electricity and hydrogen,Scope 1
NV,KKL-00199-2016,Ellinge uppgraderingsanläggning,E.ON,0,Biofuels and biomass,Scope 1
NV,KKL-00199-2016,Ellinge uppgraderingsanläggning,St1,6550000,Biofuels and biomass,Scope 1
NV,KKL-00237-2016,Högbytorp Torrötningsanläggning,St1,74760000,Biofuels and biomass,Scope 1
NV,KKL-01138-2016,Energieffektivisering,E.ON,1214615,Energy efficiency,Others
NV,KKL-02172-2017,Produktionsanläggning för LBG i Linköping,Tekniska verken i Linköping,30576229,Biofuels and biomass,Scope 3
NV,KKL-02186-2017,Sorteringsanläggning restavfall,Stockholm Exergi,134000000,Recycling,Scope 3
NV,KKL-02864-2017,Utveckla återbruket på Linköpings ÅVCer,Tekniska verken i Linköping,1750000,Recycling,Scope 3
NV,KKL-03073-2018,Energilager för minskat fossilbränslebehov,Tekniska verken i Linköping,29700000,Energy efficiency,Others
NV,KKL-03478-2018,Konvertering av värmeanläggning från olja,Vattenfall,1573200,Biofuels and biomass,Scope 1
NV,KKL-04499-2018,Ökad energiåtervinning för fjärrvärme,Höganäs,1530000,Energy efficiency,Others
NV,KKL-04926-2018,Ökad gasproduktion o minskade emissioner,Tekniska verken i Linköping,10237500,Biofuels and biomass,Scope 3
NV,KKL-06055-2019,Gastät gödselbrunn Åby,Tekniska verken i Linköping,11250000,Biofuels and biomass,Scope 3
NV,KKL-07506-2020,Spillvärme LKAB/TVAB,LKAB,77911190,Energy efficiency,Others
NV,KKL-07660-2020,Värmeväxlaranläggning gruvventilation Kankbergsgruvan,Boliden,5600000,Energy efficiency,Scope 2
NV,KKL-08029-2021,Leverans av Biogas till Industrikund i södra Skåne,E.ON,294750,Biofuels and biomass,Others
NV,KKL-09149-2021,Energikonvertering till Biogas,Outokumpu,26464500,Biofuels and biomass,Scope 1
NV,KKL-09195-2021,Gärstad sorteringsanläggning,Tekniska verken i Linköping,134190000,Recycling,Scope 3
NV,KKL-09221-2021,Borås UBG/LBG,St1,35710000,Biofuels and biomass,Scope 2
NV,KKL-09384-2021,Produktion av syntetiskt hållbart flygbränsle i kommersiell skala,Vattenfall,145000000,Electricity and hydrogen,Scope 3
NV,KKL-09836-2022,Utökad produktion av LBG vid Linköpings biogasanläggning,Tekniska verken i Linköping,149850000,Biofuels and biomass,Scope 3
NV,KKL-10065-2022,Ecolink - Nyttja spillvärme till Skellefteås fjärrvärmenät,Boliden,46550000,Energy efficiency,Others
NV,KKL-10151-2022,Förvätskning av koldioxid från biogasproduktion,Tekniska verken i Linköping,21600000,Bio-CCU,Scope 3
NV,NV-06777-15,Ombyggnad och anpassning av utrustning från fossilt bränsle till biobränsle,Nordkalk,550000,Biofuels and biomass,Scope 1
NV,NV-24-004039,Installation av silokapacitet för produktion av betong med lägre klimatpåverkan.,Heidelberg Materials,540000,Energy efficiency,Scope 1
NV,NV-24-004080,Installation av silokapacitet för produktion av betong med lägre klimatpåverkan.,Heidelberg Materials,540000,Energy efficiency,Scope 1
